<?xml version="1.0" encoding="UTF-8" ?>
<beans xmlns="http://www.springframework.org/schema/beans"
       xmlns:xsi="http://www.w3.org/2001/XMLSchema-instance"
       xmlns:p="http://www.springframework.org/schema/p"
       xsi:schemaLocation="http://www.springframework.org/schema/beans http://www.springframework.org/schema/beans/spring-beans-3.0.xsd">
       

<bean id="ds" class="org.springframework.jdbc.datasource.DriverManagerDataSource">
  <property name="driverClassName" value="com.mysql.cj.jdbc.Driver"></property>
  <property name="url" value="jdbc:mysql://localhost:3306/springjdbc21_3"></property>
  <property name="username" value="root"></property>
  <property name="password" value="Marvel@%4312"></property>
</bean>

<bean id="jdbcTemplate" class="org.springframework.jdbc.core.JdbcTemplate">
<property name="dataSource" ref="ds"></property>
</bean>

<bean id="sdao" class="com.yash.dao.StudentDAO">
 <property name="objJDBC" ref="jdbcTemplate"></property>
</bean>
</beans>

       
       
     